esfera,chapa,altura,,,,,
0.5,0.5,0.5,-0.04238,,,,
,,,,,,,
,,,,,,,
,,,,20,20,10,0.2175
,,,,40,40,20,0.7835
,,,,,,,
,,,a,30,30,15,0.5005
,,,b,-10,-10,-5,-0.283
,,,x,25,25,12.5,0.51249354
